Jargon_Term,Jargon_Meaning,Clarity_Rating,Simple_Replacements
Synergy,"The interaction of two or more entities to produce a combined effect greater than the sum of their separate effects.",High,"Collaboration;Integration"
Leverage,"To utilize a resource or strength to maximum advantage.",High,"Use;Utilize;Apply"
Bandwidth,"A person's capacity, time, or resources to handle additional work.",High,"Capacity;Time;Resources"
Circle Back,"To return to a topic or person at a later time.",Medium,"Revisit later;Follow up on [date]"
Low-Hanging Fruit,"The easiest tasks or opportunities that are quickly achievable.",Medium,"Easy wins;Simple tasks"
Move the Needle,"To cause a noticeable or significant degree of change.",High,"Make progress;Show results;Improve [metric]"
Core Competency,"A distinguishing strength or unique expertise of a business or team.",Medium,"Expertise;Key skill;Specialty"
Pivot,"To quickly change direction, strategy, or focus.",High,"Change direction;Shift focus"
Deep Dive,"To discuss or analyze a topic in extreme detail.",Medium,"Detailed analysis;In‑depth review"
Action Item,"A documented task that needs to be completed by a responsible party.",Low,"Task;To‑do;Next step"
Take it Offline,"To continue a conversation privately after a meeting.",Low,"Discuss privately"
Alignment,"Agreement between different teams, goals, or objectives.",Medium,"Agreement;Shared goal;Consistency"
Best Practices,"A set of standards or proven methods developed by an industry.",Low,"Standard methods;Guidelines"
Touch Base,"To briefly meet or check in with someone.",Medium,"Check in;Brief call"
Drill Down,"To examine data or information in finer detail.",Low,"Examine detail"
EOD / COB,"End of Day / Close of Business (usually 5 PM local time).",Low,"End of day"
Disruptive,"Creating significant change or innovation in an industry.",Medium,"Innovative;Groundbreaking"
Ideation,"The creative process of forming and developing ideas.",Medium,"Brainstorming;Generating ideas"
Incentivize,"To motivate someone by offering a reward or incentive.",Low,"Motivate;Reward"
Whiteboard It,"To brainstorm, plan, or sketch out an idea on a visual medium.",Medium,"Plan;Sketch;Brainstorm"
Run It Up the Flagpole,"To propose an idea to management to gauge their reaction.",High,"Get approval;Propose"
Mission Critical,"Absolutely necessary for the continued success or existence of a business.",Low,"Essential;Crucial"
Holistic View,"Considering all parts of a situation or system.",Medium,"Overall view;Comprehensive"
Ping,"To send a brief message or notification to someone.",Medium,"Message;Contact"
Band-Aid Solution,"A temporary, quick fix that does not address the root problem.",Low,"Temporary fix"
Boil the Ocean,"To undertake an impossible or overly ambitious task.",High,"Attempt too much"
Future-Proof,"To design a system that will remain functional or relevant in the future.",Medium,"Sustainable design"
Open the Kimono,"To share confidential or internal information.",High,"Share information;Reveal data"
Thought Leader,"An expert whose views and opinions significantly influence their field.",Medium,"Expert;Authority"
Take to the Next Level,"To improve or advance something substantially.",High,"Improve;Advance [metric]"
Push the Envelope,"To go beyond conventional boundaries; to be innovative.",Medium,"Innovate;Go further"
Right-Size,"To adjust the size of a business or team to the appropriate level.",Medium,"Adjust staffing;Resize"
Buy-in,"Agreement or acceptance of a decision or plan.",Low,"Agreement;Acceptance"
Aspirational,"Describing an ambitious goal or ideal rather than reality.",Low,"Ambitious goal"
Chrolnically,"Something that occurs frequently or habitually over a long period.",Low,"Frequently;Regularly"
Mentees,"Individuals who are being mentored or guided by a more experienced person.",Low,"Students;Learners"
chrolnically,"Something that occurs frequently or habitually over a long period.",Low,"Frequently;Regularly"
